seed,split_id,feature_set,train_index_hash,test_index_hash,model,search_type,candidate,mean_validation_mae,std_validation_mae,rank,selected,cutoff_rule,mean_validation_f1,std_validation_f1
43,seed_43,C_physical_quantity,27ca6bd09e7cb3bd5f7eec2fd33521faae62261040e2913cdd814ecbe88dc452,841dd3f96c71e5aaaa3280e2e0b2dbc161f6ec361c973095c51218827f5e491b,CatBoost,CatBoost_grid,"{""depth"": 4, ""iterations"": 300, ""learning_rate"": 0.03}",27949.813794525937,2030.3837145275847,7,False,,,
43,seed_43,C_physical_quantity,27ca6bd09e7cb3bd5f7eec2fd33521faae62261040e2913cdd814ecbe88dc452,841dd3f96c71e5aaaa3280e2e0b2dbc161f6ec361c973095c51218827f5e491b,CatBoost,CatBoost_grid,"{""depth"": 4, ""iterations"": 300, ""learning_rate"": 0.1}",27198.413211168256,2309.11171803487,3,False,,,
43,seed_43,C_physical_quantity,27ca6bd09e7cb3bd5f7eec2fd33521faae62261040e2913cdd814ecbe88dc452,841dd3f96c71e5aaaa3280e2e0b2dbc161f6ec361c973095c51218827f5e491b,CatBoost,CatBoost_grid,"{""depth"": 4, ""iterations"": 600, ""learning_rate"": 0.03}",26052.171469638415,2453.4221107008993,1,True,,,
43,seed_43,C_physical_quantity,27ca6bd09e7cb3bd5f7eec2fd33521faae62261040e2913cdd814ecbe88dc452,841dd3f96c71e5aaaa3280e2e0b2dbc161f6ec361c973095c51218827f5e491b,CatBoost,CatBoost_grid,"{""depth"": 4, ""iterations"": 600, ""learning_rate"": 0.1}",27423.795740654663,2469.232006251834,6,False,,,
43,seed_43,C_physical_quantity,27ca6bd09e7cb3bd5f7eec2fd33521faae62261040e2913cdd814ecbe88dc452,841dd3f96c71e5aaaa3280e2e0b2dbc161f6ec361c973095c51218827f5e491b,CatBoost,CatBoost_grid,"{""depth"": 6, ""iterations"": 300, ""learning_rate"": 0.03}",28324.250635973356,3067.6704531033815,8,False,,,
43,seed_43,C_physical_quantity,27ca6bd09e7cb3bd5f7eec2fd33521faae62261040e2913cdd814ecbe88dc452,841dd3f96c71e5aaaa3280e2e0b2dbc161f6ec361c973095c51218827f5e491b,CatBoost,CatBoost_grid,"{""depth"": 6, ""iterations"": 300, ""learning_rate"": 0.1}",27388.994337425294,3235.1580672712585,4,False,,,
43,seed_43,C_physical_quantity,27ca6bd09e7cb3bd5f7eec2fd33521faae62261040e2913cdd814ecbe88dc452,841dd3f96c71e5aaaa3280e2e0b2dbc161f6ec361c973095c51218827f5e491b,CatBoost,CatBoost_grid,"{""depth"": 6, ""iterations"": 600, ""learning_rate"": 0.03}",26980.984083404066,3027.0885215480344,2,False,,,
43,seed_43,C_physical_quantity,27ca6bd09e7cb3bd5f7eec2fd33521faae62261040e2913cdd814ecbe88dc452,841dd3f96c71e5aaaa3280e2e0b2dbc161f6ec361c973095c51218827f5e491b,CatBoost,CatBoost_grid,"{""depth"": 6, ""iterations"": 600, ""learning_rate"": 0.1}",27423.785459791136,3149.675819085038,5,False,,,
43,seed_43,C_physical_quantity,27ca6bd09e7cb3bd5f7eec2fd33521faae62261040e2913cdd814ecbe88dc452,841dd3f96c71e5aaaa3280e2e0b2dbc161f6ec361c973095c51218827f5e491b,CatBoost,CatBoost_grid,"{""depth"": 8, ""iterations"": 300, ""learning_rate"": 0.03}",30629.37086444054,3752.251147862345,12,False,,,
43,seed_43,C_physical_quantity,27ca6bd09e7cb3bd5f7eec2fd33521faae62261040e2913cdd814ecbe88dc452,841dd3f96c71e5aaaa3280e2e0b2dbc161f6ec361c973095c51218827f5e491b,CatBoost,CatBoost_grid,"{""depth"": 8, ""iterations"": 300, ""learning_rate"": 0.1}",30588.31966791999,3220.349606558917,10,False,,,
43,seed_43,C_physical_quantity,27ca6bd09e7cb3bd5f7eec2fd33521faae62261040e2913cdd814ecbe88dc452,841dd3f96c71e5aaaa3280e2e0b2dbc161f6ec361c973095c51218827f5e491b,CatBoost,CatBoost_grid,"{""depth"": 8, ""iterations"": 600, ""learning_rate"": 0.03}",29292.168692512238,3676.0664030234693,9,False,,,
43,seed_43,C_physical_quantity,27ca6bd09e7cb3bd5f7eec2fd33521faae62261040e2913cdd814ecbe88dc452,841dd3f96c71e5aaaa3280e2e0b2dbc161f6ec361c973095c51218827f5e491b,CatBoost,CatBoost_grid,"{""depth"": 8, ""iterations"": 600, ""learning_rate"": 0.1}",30614.776472106696,3236.083905233161,11,False,,,
43,seed_43,C_physical_quantity,27ca6bd09e7cb3bd5f7eec2fd33521faae62261040e2913cdd814ecbe88dc452,841dd3f96c71e5aaaa3280e2e0b2dbc161f6ec361c973095c51218827f5e491b,XGBoost,XGBoost_grid,"{""learning_rate"": 0.03, ""max_depth"": 3, ""n_estimators"": 300}",30324.41221892601,7084.999445458596,2,False,,,
43,seed_43,C_physical_quantity,27ca6bd09e7cb3bd5f7eec2fd33521faae62261040e2913cdd814ecbe88dc452,841dd3f96c71e5aaaa3280e2e0b2dbc161f6ec361c973095c51218827f5e491b,XGBoost,XGBoost_grid,"{""learning_rate"": 0.03, ""max_depth"": 3, ""n_estimators"": 600}",30275.83968428666,7228.0093006844545,1,True,,,
43,seed_43,C_physical_quantity,27ca6bd09e7cb3bd5f7eec2fd33521faae62261040e2913cdd814ecbe88dc452,841dd3f96c71e5aaaa3280e2e0b2dbc161f6ec361c973095c51218827f5e491b,XGBoost,XGBoost_grid,"{""learning_rate"": 0.03, ""max_depth"": 5, ""n_estimators"": 300}",32986.380246483925,7670.612716545313,5,False,,,
43,seed_43,C_physical_quantity,27ca6bd09e7cb3bd5f7eec2fd33521faae62261040e2913cdd814ecbe88dc452,841dd3f96c71e5aaaa3280e2e0b2dbc161f6ec361c973095c51218827f5e491b,XGBoost,XGBoost_grid,"{""learning_rate"": 0.03, ""max_depth"": 5, ""n_estimators"": 600}",33162.99128137322,7812.158594676235,6,False,,,
43,seed_43,C_physical_quantity,27ca6bd09e7cb3bd5f7eec2fd33521faae62261040e2913cdd814ecbe88dc452,841dd3f96c71e5aaaa3280e2e0b2dbc161f6ec361c973095c51218827f5e491b,XGBoost,XGBoost_grid,"{""learning_rate"": 0.03, ""max_depth"": 7, ""n_estimators"": 300}",33705.1172702414,7545.048395628458,8,False,,,
43,seed_43,C_physical_quantity,27ca6bd09e7cb3bd5f7eec2fd33521faae62261040e2913cdd814ecbe88dc452,841dd3f96c71e5aaaa3280e2e0b2dbc161f6ec361c973095c51218827f5e491b,XGBoost,XGBoost_grid,"{""learning_rate"": 0.03, ""max_depth"": 7, ""n_estimators"": 600}",33703.09042491434,7496.065173772746,7,False,,,
43,seed_43,C_physical_quantity,27ca6bd09e7cb3bd5f7eec2fd33521faae62261040e2913cdd814ecbe88dc452,841dd3f96c71e5aaaa3280e2e0b2dbc161f6ec361c973095c51218827f5e491b,XGBoost,XGBoost_grid,"{""learning_rate"": 0.1, ""max_depth"": 3, ""n_estimators"": 300}",30573.67059243719,6887.8966054508255,3,False,,,
43,seed_43,C_physical_quantity,27ca6bd09e7cb3bd5f7eec2fd33521faae62261040e2913cdd814ecbe88dc452,841dd3f96c71e5aaaa3280e2e0b2dbc161f6ec361c973095c51218827f5e491b,XGBoost,XGBoost_grid,"{""learning_rate"": 0.1, ""max_depth"": 3, ""n_estimators"": 600}",30777.303109986347,6810.938841957309,4,False,,,
43,seed_43,C_physical_quantity,27ca6bd09e7cb3bd5f7eec2fd33521faae62261040e2913cdd814ecbe88dc452,841dd3f96c71e5aaaa3280e2e0b2dbc161f6ec361c973095c51218827f5e491b,XGBoost,XGBoost_grid,"{""learning_rate"": 0.1, ""max_depth"": 5, ""n_estimators"": 300}",33711.60946578099,7924.083591879159,9,False,,,
43,seed_43,C_physical_quantity,27ca6bd09e7cb3bd5f7eec2fd33521faae62261040e2913cdd814ecbe88dc452,841dd3f96c71e5aaaa3280e2e0b2dbc161f6ec361c973095c51218827f5e491b,XGBoost,XGBoost_grid,"{""learning_rate"": 0.1, ""max_depth"": 5, ""n_estimators"": 600}",33721.64219096634,7917.806642296225,10,False,,,
43,seed_43,C_physical_quantity,27ca6bd09e7cb3bd5f7eec2fd33521faae62261040e2913cdd814ecbe88dc452,841dd3f96c71e5aaaa3280e2e0b2dbc161f6ec361c973095c51218827f5e491b,XGBoost,XGBoost_grid,"{""learning_rate"": 0.1, ""max_depth"": 7, ""n_estimators"": 300}",34100.62205964877,7045.741134105686,11,False,,,
43,seed_43,C_physical_quantity,27ca6bd09e7cb3bd5f7eec2fd33521faae62261040e2913cdd814ecbe88dc452,841dd3f96c71e5aaaa3280e2e0b2dbc161f6ec361c973095c51218827f5e491b,XGBoost,XGBoost_grid,"{""learning_rate"": 0.1, ""max_depth"": 7, ""n_estimators"": 600}",34101.20012633171,7045.14435240177,12,False,,,
43,seed_43,C_physical_quantity,27ca6bd09e7cb3bd5f7eec2fd33521faae62261040e2913cdd814ecbe88dc452,841dd3f96c71e5aaaa3280e2e0b2dbc161f6ec361c973095c51218827f5e491b,Monotonic GBM,Monotonic GBM_grid,"{""learning_rate"": 0.03, ""max_depth"": 3, ""n_estimators"": 300}",34906.353063349,2337.304183034625,3,False,,,
43,seed_43,C_physical_quantity,27ca6bd09e7cb3bd5f7eec2fd33521faae62261040e2913cdd814ecbe88dc452,841dd3f96c71e5aaaa3280e2e0b2dbc161f6ec361c973095c51218827f5e491b,Monotonic GBM,Monotonic GBM_grid,"{""learning_rate"": 0.03, ""max_depth"": 3, ""n_estimators"": 600}",36510.00069511509,2204.4344187971315,6,False,,,
43,seed_43,C_physical_quantity,27ca6bd09e7cb3bd5f7eec2fd33521faae62261040e2913cdd814ecbe88dc452,841dd3f96c71e5aaaa3280e2e0b2dbc161f6ec361c973095c51218827f5e491b,Monotonic GBM,Monotonic GBM_grid,"{""learning_rate"": 0.03, ""max_depth"": 5, ""n_estimators"": 300}",34533.09932636234,2370.1906770577925,2,False,,,
43,seed_43,C_physical_quantity,27ca6bd09e7cb3bd5f7eec2fd33521faae62261040e2913cdd814ecbe88dc452,841dd3f96c71e5aaaa3280e2e0b2dbc161f6ec361c973095c51218827f5e491b,Monotonic GBM,Monotonic GBM_grid,"{""learning_rate"": 0.03, ""max_depth"": 5, ""n_estimators"": 600}",36295.0340764921,1651.942824523231,4,False,,,
43,seed_43,C_physical_quantity,27ca6bd09e7cb3bd5f7eec2fd33521faae62261040e2913cdd814ecbe88dc452,841dd3f96c71e5aaaa3280e2e0b2dbc161f6ec361c973095c51218827f5e491b,Monotonic GBM,Monotonic GBM_grid,"{""learning_rate"": 0.03, ""max_depth"": 7, ""n_estimators"": 300}",34531.5459589352,2315.979459677586,1,True,,,
43,seed_43,C_physical_quantity,27ca6bd09e7cb3bd5f7eec2fd33521faae62261040e2913cdd814ecbe88dc452,841dd3f96c71e5aaaa3280e2e0b2dbc161f6ec361c973095c51218827f5e491b,Monotonic GBM,Monotonic GBM_grid,"{""learning_rate"": 0.03, ""max_depth"": 7, ""n_estimators"": 600}",36431.42214714902,1642.7503016136027,5,False,,,
43,seed_43,C_physical_quantity,27ca6bd09e7cb3bd5f7eec2fd33521faae62261040e2913cdd814ecbe88dc452,841dd3f96c71e5aaaa3280e2e0b2dbc161f6ec361c973095c51218827f5e491b,Monotonic GBM,Monotonic GBM_grid,"{""learning_rate"": 0.1, ""max_depth"": 3, ""n_estimators"": 300}",37660.56633169404,2054.4081699875665,9,False,,,
43,seed_43,C_physical_quantity,27ca6bd09e7cb3bd5f7eec2fd33521faae62261040e2913cdd814ecbe88dc452,841dd3f96c71e5aaaa3280e2e0b2dbc161f6ec361c973095c51218827f5e491b,Monotonic GBM,Monotonic GBM_grid,"{""learning_rate"": 0.1, ""max_depth"": 3, ""n_estimators"": 600}",39216.364309331606,1317.3765528795818,11,False,,,
43,seed_43,C_physical_quantity,27ca6bd09e7cb3bd5f7eec2fd33521faae62261040e2913cdd814ecbe88dc452,841dd3f96c71e5aaaa3280e2e0b2dbc161f6ec361c973095c51218827f5e491b,Monotonic GBM,Monotonic GBM_grid,"{""learning_rate"": 0.1, ""max_depth"": 5, ""n_estimators"": 300}",37211.42504397411,1428.404719976757,7,False,,,
43,seed_43,C_physical_quantity,27ca6bd09e7cb3bd5f7eec2fd33521faae62261040e2913cdd814ecbe88dc452,841dd3f96c71e5aaaa3280e2e0b2dbc161f6ec361c973095c51218827f5e491b,Monotonic GBM,Monotonic GBM_grid,"{""learning_rate"": 0.1, ""max_depth"": 5, ""n_estimators"": 600}",38990.11663714273,733.5471917891383,10,False,,,
43,seed_43,C_physical_quantity,27ca6bd09e7cb3bd5f7eec2fd33521faae62261040e2913cdd814ecbe88dc452,841dd3f96c71e5aaaa3280e2e0b2dbc161f6ec361c973095c51218827f5e491b,Monotonic GBM,Monotonic GBM_grid,"{""learning_rate"": 0.1, ""max_depth"": 7, ""n_estimators"": 300}",37660.36635079427,1338.5569275154855,8,False,,,
43,seed_43,C_physical_quantity,27ca6bd09e7cb3bd5f7eec2fd33521faae62261040e2913cdd814ecbe88dc452,841dd3f96c71e5aaaa3280e2e0b2dbc161f6ec361c973095c51218827f5e491b,Monotonic GBM,Monotonic GBM_grid,"{""learning_rate"": 0.1, ""max_depth"": 7, ""n_estimators"": 600}",39309.06647947097,857.7961744835178,12,False,,,
43,seed_43,C_physical_quantity,27ca6bd09e7cb3bd5f7eec2fd33521faae62261040e2913cdd814ecbe88dc452,841dd3f96c71e5aaaa3280e2e0b2dbc161f6ec361c973095c51218827f5e491b,ANN,ANN_MLP_grid,"{""activation"": ""relu"", ""batch_size"": 32, ""hidden_layer_sizes"": [64], ""learning_rate_init"": 0.0001}",37013.82661256387,1614.1797757781285,22,False,,,
43,seed_43,C_physical_quantity,27ca6bd09e7cb3bd5f7eec2fd33521faae62261040e2913cdd814ecbe88dc452,841dd3f96c71e5aaaa3280e2e0b2dbc161f6ec361c973095c51218827f5e491b,ANN,ANN_MLP_grid,"{""activation"": ""relu"", ""batch_size"": 32, ""hidden_layer_sizes"": [64], ""learning_rate_init"": 0.001}",32190.759419078673,2252.7601901434446,7,False,,,
43,seed_43,C_physical_quantity,27ca6bd09e7cb3bd5f7eec2fd33521faae62261040e2913cdd814ecbe88dc452,841dd3f96c71e5aaaa3280e2e0b2dbc161f6ec361c973095c51218827f5e491b,ANN,ANN_MLP_grid,"{""activation"": ""relu"", ""batch_size"": 32, ""hidden_layer_sizes"": [64], ""learning_rate_init"": 0.01}",35590.42205395382,3352.491776215745,20,False,,,
43,seed_43,C_physical_quantity,27ca6bd09e7cb3bd5f7eec2fd33521faae62261040e2913cdd814ecbe88dc452,841dd3f96c71e5aaaa3280e2e0b2dbc161f6ec361c973095c51218827f5e491b,ANN,ANN_MLP_grid,"{""activation"": ""relu"", ""batch_size"": 32, ""hidden_layer_sizes"": [64], ""learning_rate_init"": 0.05}",33074.342143980786,3209.0922936431157,12,False,,,
43,seed_43,C_physical_quantity,27ca6bd09e7cb3bd5f7eec2fd33521faae62261040e2913cdd814ecbe88dc452,841dd3f96c71e5aaaa3280e2e0b2dbc161f6ec361c973095c51218827f5e491b,ANN,ANN_MLP_grid,"{""activation"": ""relu"", ""batch_size"": 32, ""hidden_layer_sizes"": [128], ""learning_rate_init"": 0.0001}",32386.844225297707,545.6470354959873,8,False,,,
43,seed_43,C_physical_quantity,27ca6bd09e7cb3bd5f7eec2fd33521faae62261040e2913cdd814ecbe88dc452,841dd3f96c71e5aaaa3280e2e0b2dbc161f6ec361c973095c51218827f5e491b,ANN,ANN_MLP_grid,"{""activation"": ""relu"", ""batch_size"": 32, ""hidden_layer_sizes"": [128], ""learning_rate_init"": 0.001}",31932.183080945575,1233.2489853069026,5,False,,,
43,seed_43,C_physical_quantity,27ca6bd09e7cb3bd5f7eec2fd33521faae62261040e2913cdd814ecbe88dc452,841dd3f96c71e5aaaa3280e2e0b2dbc161f6ec361c973095c51218827f5e491b,ANN,ANN_MLP_grid,"{""activation"": ""relu"", ""batch_size"": 32, ""hidden_layer_sizes"": [128], ""learning_rate_init"": 0.01}",37806.373456873465,1474.9229993273045,23,False,,,
43,seed_43,C_physical_quantity,27ca6bd09e7cb3bd5f7eec2fd33521faae62261040e2913cdd814ecbe88dc452,841dd3f96c71e5aaaa3280e2e0b2dbc161f6ec361c973095c51218827f5e491b,ANN,ANN_MLP_grid,"{""activation"": ""relu"", ""batch_size"": 32, ""hidden_layer_sizes"": [128], ""learning_rate_init"": 0.05}",34005.709932522244,2790.283391828554,14,False,,,
43,seed_43,C_physical_quantity,27ca6bd09e7cb3bd5f7eec2fd33521faae62261040e2913cdd814ecbe88dc452,841dd3f96c71e5aaaa3280e2e0b2dbc161f6ec361c973095c51218827f5e491b,ANN,ANN_MLP_grid,"{""activation"": ""relu"", ""batch_size"": 32, ""hidden_layer_sizes"": [128, 64], ""learning_rate_init"": 0.0001}",31350.435305071063,550.7231749354429,1,True,,,
43,seed_43,C_physical_quantity,27ca6bd09e7cb3bd5f7eec2fd33521faae62261040e2913cdd814ecbe88dc452,841dd3f96c71e5aaaa3280e2e0b2dbc161f6ec361c973095c51218827f5e491b,ANN,ANN_MLP_grid,"{""activation"": ""relu"", ""batch_size"": 32, ""hidden_layer_sizes"": [128, 64], ""learning_rate_init"": 0.001}",32050.681839980763,720.7022430639904,6,False,,,
43,seed_43,C_physical_quantity,27ca6bd09e7cb3bd5f7eec2fd33521faae62261040e2913cdd814ecbe88dc452,841dd3f96c71e5aaaa3280e2e0b2dbc161f6ec361c973095c51218827f5e491b,ANN,ANN_MLP_grid,"{""activation"": ""relu"", ""batch_size"": 32, ""hidden_layer_sizes"": [128, 64], ""learning_rate_init"": 0.01}",32601.588011399796,774.5812636474838,10,False,,,
43,seed_43,C_physical_quantity,27ca6bd09e7cb3bd5f7eec2fd33521faae62261040e2913cdd814ecbe88dc452,841dd3f96c71e5aaaa3280e2e0b2dbc161f6ec361c973095c51218827f5e491b,ANN,ANN_MLP_grid,"{""activation"": ""relu"", ""batch_size"": 32, ""hidden_layer_sizes"": [128, 64], ""learning_rate_init"": 0.05}",35372.24231887988,3654.8910700856236,18,False,,,
43,seed_43,C_physical_quantity,27ca6bd09e7cb3bd5f7eec2fd33521faae62261040e2913cdd814ecbe88dc452,841dd3f96c71e5aaaa3280e2e0b2dbc161f6ec361c973095c51218827f5e491b,ANN,ANN_MLP_grid,"{""activation"": ""relu"", ""batch_size"": 64, ""hidden_layer_sizes"": [64], ""learning_rate_init"": 0.0001}",41349.594366375175,2533.320123416873,24,False,,,
43,seed_43,C_physical_quantity,27ca6bd09e7cb3bd5f7eec2fd33521faae62261040e2913cdd814ecbe88dc452,841dd3f96c71e5aaaa3280e2e0b2dbc161f6ec361c973095c51218827f5e491b,ANN,ANN_MLP_grid,"{""activation"": ""relu"", ""batch_size"": 64, ""hidden_layer_sizes"": [64], ""learning_rate_init"": 0.001}",31767.338487398632,1346.7814148553125,3,False,,,
43,seed_43,C_physical_quantity,27ca6bd09e7cb3bd5f7eec2fd33521faae62261040e2913cdd814ecbe88dc452,841dd3f96c71e5aaaa3280e2e0b2dbc161f6ec361c973095c51218827f5e491b,ANN,ANN_MLP_grid,"{""activation"": ""relu"", ""batch_size"": 64, ""hidden_layer_sizes"": [64], ""learning_rate_init"": 0.01}",34376.14103474328,4530.800736663242,16,False,,,
43,seed_43,C_physical_quantity,27ca6bd09e7cb3bd5f7eec2fd33521faae62261040e2913cdd814ecbe88dc452,841dd3f96c71e5aaaa3280e2e0b2dbc161f6ec361c973095c51218827f5e491b,ANN,ANN_MLP_grid,"{""activation"": ""relu"", ""batch_size"": 64, ""hidden_layer_sizes"": [64], ""learning_rate_init"": 0.05}",35387.24360756211,5653.133578255831,19,False,,,
43,seed_43,C_physical_quantity,27ca6bd09e7cb3bd5f7eec2fd33521faae62261040e2913cdd814ecbe88dc452,841dd3f96c71e5aaaa3280e2e0b2dbc161f6ec361c973095c51218827f5e491b,ANN,ANN_MLP_grid,"{""activation"": ""relu"", ""batch_size"": 64, ""hidden_layer_sizes"": [128], ""learning_rate_init"": 0.0001}",34285.78590962811,127.01311821295532,15,False,,,
43,seed_43,C_physical_quantity,27ca6bd09e7cb3bd5f7eec2fd33521faae62261040e2913cdd814ecbe88dc452,841dd3f96c71e5aaaa3280e2e0b2dbc161f6ec361c973095c51218827f5e491b,ANN,ANN_MLP_grid,"{""activation"": ""relu"", ""batch_size"": 64, ""hidden_layer_sizes"": [128], ""learning_rate_init"": 0.001}",31779.797833270175,1761.3149229422838,4,False,,,
43,seed_43,C_physical_quantity,27ca6bd09e7cb3bd5f7eec2fd33521faae62261040e2913cdd814ecbe88dc452,841dd3f96c71e5aaaa3280e2e0b2dbc161f6ec361c973095c51218827f5e491b,ANN,ANN_MLP_grid,"{""activation"": ""relu"", ""batch_size"": 64, ""hidden_layer_sizes"": [128], ""learning_rate_init"": 0.01}",35139.57565434633,1261.0701745303622,17,False,,,
43,seed_43,C_physical_quantity,27ca6bd09e7cb3bd5f7eec2fd33521faae62261040e2913cdd814ecbe88dc452,841dd3f96c71e5aaaa3280e2e0b2dbc161f6ec361c973095c51218827f5e491b,ANN,ANN_MLP_grid,"{""activation"": ""relu"", ""batch_size"": 64, ""hidden_layer_sizes"": [128], ""learning_rate_init"": 0.05}",33736.24176062914,3736.4037952528024,13,False,,,
43,seed_43,C_physical_quantity,27ca6bd09e7cb3bd5f7eec2fd33521faae62261040e2913cdd814ecbe88dc452,841dd3f96c71e5aaaa3280e2e0b2dbc161f6ec361c973095c51218827f5e491b,ANN,ANN_MLP_grid,"{""activation"": ""relu"", ""batch_size"": 64, ""hidden_layer_sizes"": [128, 64], ""learning_rate_init"": 0.0001}",31498.938931038298,309.2056543416859,2,False,,,
43,seed_43,C_physical_quantity,27ca6bd09e7cb3bd5f7eec2fd33521faae62261040e2913cdd814ecbe88dc452,841dd3f96c71e5aaaa3280e2e0b2dbc161f6ec361c973095c51218827f5e491b,ANN,ANN_MLP_grid,"{""activation"": ""relu"", ""batch_size"": 64, ""hidden_layer_sizes"": [128, 64], ""learning_rate_init"": 0.001}",32422.354441396514,790.8189766611257,9,False,,,
43,seed_43,C_physical_quantity,27ca6bd09e7cb3bd5f7eec2fd33521faae62261040e2913cdd814ecbe88dc452,841dd3f96c71e5aaaa3280e2e0b2dbc161f6ec361c973095c51218827f5e491b,ANN,ANN_MLP_grid,"{""activation"": ""relu"", ""batch_size"": 64, ""hidden_layer_sizes"": [128, 64], ""learning_rate_init"": 0.01}",33050.462052893636,1505.4150519926652,11,False,,,
43,seed_43,C_physical_quantity,27ca6bd09e7cb3bd5f7eec2fd33521faae62261040e2913cdd814ecbe88dc452,841dd3f96c71e5aaaa3280e2e0b2dbc161f6ec361c973095c51218827f5e491b,ANN,ANN_MLP_grid,"{""activation"": ""relu"", ""batch_size"": 64, ""hidden_layer_sizes"": [128, 64], ""learning_rate_init"": 0.05}",36477.54789108276,1841.6930867634774,21,False,,,
43,seed_43,C_physical_quantity,27ca6bd09e7cb3bd5f7eec2fd33521faae62261040e2913cdd814ecbe88dc452,841dd3f96c71e5aaaa3280e2e0b2dbc161f6ec361c973095c51218827f5e491b,SVM,SVM_grid,"{""C"": 0.1, ""gamma"": ""auto"", ""kernel"": ""rbf""}",,,10,False,Mean,0.0,0.0
43,seed_43,C_physical_quantity,27ca6bd09e7cb3bd5f7eec2fd33521faae62261040e2913cdd814ecbe88dc452,841dd3f96c71e5aaaa3280e2e0b2dbc161f6ec361c973095c51218827f5e491b,SVM,SVM_grid,"{""C"": 0.1, ""gamma"": ""auto"", ""kernel"": ""linear""}",,,9,False,Mean,0.5367071524966261,0.0763461408502373
43,seed_43,C_physical_quantity,27ca6bd09e7cb3bd5f7eec2fd33521faae62261040e2913cdd814ecbe88dc452,841dd3f96c71e5aaaa3280e2e0b2dbc161f6ec361c973095c51218827f5e491b,SVM,SVM_grid,"{""C"": 1, ""gamma"": ""auto"", ""kernel"": ""rbf""}",,,8,False,Mean,0.6150537634408603,0.04328221263593192
43,seed_43,C_physical_quantity,27ca6bd09e7cb3bd5f7eec2fd33521faae62261040e2913cdd814ecbe88dc452,841dd3f96c71e5aaaa3280e2e0b2dbc161f6ec361c973095c51218827f5e491b,SVM,SVM_grid,"{""C"": 1, ""gamma"": ""auto"", ""kernel"": ""linear""}",,,7,False,Mean,0.815999656475438,0.04854590520978319
43,seed_43,C_physical_quantity,27ca6bd09e7cb3bd5f7eec2fd33521faae62261040e2913cdd814ecbe88dc452,841dd3f96c71e5aaaa3280e2e0b2dbc161f6ec361c973095c51218827f5e491b,SVM,SVM_grid,"{""C"": 10, ""gamma"": ""auto"", ""kernel"": ""rbf""}",,,6,False,Mean,0.8360061869098013,0.032611812362699354
43,seed_43,C_physical_quantity,27ca6bd09e7cb3bd5f7eec2fd33521faae62261040e2913cdd814ecbe88dc452,841dd3f96c71e5aaaa3280e2e0b2dbc161f6ec361c973095c51218827f5e491b,SVM,SVM_grid,"{""C"": 10, ""gamma"": ""auto"", ""kernel"": ""linear""}",,,3,False,Mean,0.8847876678594521,0.0503785329918179
43,seed_43,C_physical_quantity,27ca6bd09e7cb3bd5f7eec2fd33521faae62261040e2913cdd814ecbe88dc452,841dd3f96c71e5aaaa3280e2e0b2dbc161f6ec361c973095c51218827f5e491b,SVM,SVM_grid,"{""C"": 50, ""gamma"": ""auto"", ""kernel"": ""rbf""}",,,5,False,Mean,0.8801780874951607,0.05108650104683179
43,seed_43,C_physical_quantity,27ca6bd09e7cb3bd5f7eec2fd33521faae62261040e2913cdd814ecbe88dc452,841dd3f96c71e5aaaa3280e2e0b2dbc161f6ec361c973095c51218827f5e491b,SVM,SVM_grid,"{""C"": 50, ""gamma"": ""auto"", ""kernel"": ""linear""}",,,2,False,Mean,0.9005545993497801,0.04775154164661857
43,seed_43,C_physical_quantity,27ca6bd09e7cb3bd5f7eec2fd33521faae62261040e2913cdd814ecbe88dc452,841dd3f96c71e5aaaa3280e2e0b2dbc161f6ec361c973095c51218827f5e491b,SVM,SVM_grid,"{""C"": 100, ""gamma"": ""auto"", ""kernel"": ""rbf""}",,,4,False,Mean,0.8807172251616695,0.05740288442360367
43,seed_43,C_physical_quantity,27ca6bd09e7cb3bd5f7eec2fd33521faae62261040e2913cdd814ecbe88dc452,841dd3f96c71e5aaaa3280e2e0b2dbc161f6ec361c973095c51218827f5e491b,SVM,SVM_grid,"{""C"": 100, ""gamma"": ""auto"", ""kernel"": ""linear""}",,,1,True,Mean,0.911450680771868,0.048364678222615684
43,seed_43,C_physical_quantity,27ca6bd09e7cb3bd5f7eec2fd33521faae62261040e2913cdd814ecbe88dc452,841dd3f96c71e5aaaa3280e2e0b2dbc161f6ec361c973095c51218827f5e491b,SVM,SVM_grid,"{""C"": 0.1, ""gamma"": ""auto"", ""kernel"": ""rbf""}",,,10,False,Q3,0.0,0.0
43,seed_43,C_physical_quantity,27ca6bd09e7cb3bd5f7eec2fd33521faae62261040e2913cdd814ecbe88dc452,841dd3f96c71e5aaaa3280e2e0b2dbc161f6ec361c973095c51218827f5e491b,SVM,SVM_grid,"{""C"": 0.1, ""gamma"": ""auto"", ""kernel"": ""linear""}",,,9,False,Q3,0.16049382716049382,0.13636248169366988
43,seed_43,C_physical_quantity,27ca6bd09e7cb3bd5f7eec2fd33521faae62261040e2913cdd814ecbe88dc452,841dd3f96c71e5aaaa3280e2e0b2dbc161f6ec361c973095c51218827f5e491b,SVM,SVM_grid,"{""C"": 1, ""gamma"": ""auto"", ""kernel"": ""rbf""}",,,8,False,Q3,0.23192239858906527,0.07662322397258715
43,seed_43,C_physical_quantity,27ca6bd09e7cb3bd5f7eec2fd33521faae62261040e2913cdd814ecbe88dc452,841dd3f96c71e5aaaa3280e2e0b2dbc161f6ec361c973095c51218827f5e491b,SVM,SVM_grid,"{""C"": 1, ""gamma"": ""auto"", ""kernel"": ""linear""}",,,7,False,Q3,0.7039540205417487,0.06181731832331855
43,seed_43,C_physical_quantity,27ca6bd09e7cb3bd5f7eec2fd33521faae62261040e2913cdd814ecbe88dc452,841dd3f96c71e5aaaa3280e2e0b2dbc161f6ec361c973095c51218827f5e491b,SVM,SVM_grid,"{""C"": 10, ""gamma"": ""auto"", ""kernel"": ""rbf""}",,,6,False,Q3,0.7094911191021032,0.06175077502290679
43,seed_43,C_physical_quantity,27ca6bd09e7cb3bd5f7eec2fd33521faae62261040e2913cdd814ecbe88dc452,841dd3f96c71e5aaaa3280e2e0b2dbc161f6ec361c973095c51218827f5e491b,SVM,SVM_grid,"{""C"": 10, ""gamma"": ""auto"", ""kernel"": ""linear""}",,,4,False,Q3,0.793327796234773,0.06563768512950051
43,seed_43,C_physical_quantity,27ca6bd09e7cb3bd5f7eec2fd33521faae62261040e2913cdd814ecbe88dc452,841dd3f96c71e5aaaa3280e2e0b2dbc161f6ec361c973095c51218827f5e491b,SVM,SVM_grid,"{""C"": 50, ""gamma"": ""auto"", ""kernel"": ""rbf""}",,,5,False,Q3,0.7697939118926073,0.07915636818556437
43,seed_43,C_physical_quantity,27ca6bd09e7cb3bd5f7eec2fd33521faae62261040e2913cdd814ecbe88dc452,841dd3f96c71e5aaaa3280e2e0b2dbc161f6ec361c973095c51218827f5e491b,SVM,SVM_grid,"{""C"": 50, ""gamma"": ""auto"", ""kernel"": ""linear""}",,,2,False,Q3,0.8284057971014493,0.06476688198694175
43,seed_43,C_physical_quantity,27ca6bd09e7cb3bd5f7eec2fd33521faae62261040e2913cdd814ecbe88dc452,841dd3f96c71e5aaaa3280e2e0b2dbc161f6ec361c973095c51218827f5e491b,SVM,SVM_grid,"{""C"": 100, ""gamma"": ""auto"", ""kernel"": ""rbf""}",,,3,False,Q3,0.7939362618432386,0.06898661963942047
43,seed_43,C_physical_quantity,27ca6bd09e7cb3bd5f7eec2fd33521faae62261040e2913cdd814ecbe88dc452,841dd3f96c71e5aaaa3280e2e0b2dbc161f6ec361c973095c51218827f5e491b,SVM,SVM_grid,"{""C"": 100, ""gamma"": ""auto"", ""kernel"": ""linear""}",,,1,True,Q3,0.8412617220801364,0.07100625368612336
43,seed_43,C_physical_quantity,27ca6bd09e7cb3bd5f7eec2fd33521faae62261040e2913cdd814ecbe88dc452,841dd3f96c71e5aaaa3280e2e0b2dbc161f6ec361c973095c51218827f5e491b,SVM,SVM_grid,"{""C"": 0.1, ""gamma"": ""auto"", ""kernel"": ""rbf""}",,,10,False,Q3+IQR/2,0.0,0.0
43,seed_43,C_physical_quantity,27ca6bd09e7cb3bd5f7eec2fd33521faae62261040e2913cdd814ecbe88dc452,841dd3f96c71e5aaaa3280e2e0b2dbc161f6ec361c973095c51218827f5e491b,SVM,SVM_grid,"{""C"": 0.1, ""gamma"": ""auto"", ""kernel"": ""linear""}",,,9,False,Q3+IQR/2,0.037037037037037035,0.05237828008789241
43,seed_43,C_physical_quantity,27ca6bd09e7cb3bd5f7eec2fd33521faae62261040e2913cdd814ecbe88dc452,841dd3f96c71e5aaaa3280e2e0b2dbc161f6ec361c973095c51218827f5e491b,SVM,SVM_grid,"{""C"": 1, ""gamma"": ""auto"", ""kernel"": ""rbf""}",,,8,False,Q3+IQR/2,0.07212475633528265,0.05105575381562883
43,seed_43,C_physical_quantity,27ca6bd09e7cb3bd5f7eec2fd33521faae62261040e2913cdd814ecbe88dc452,841dd3f96c71e5aaaa3280e2e0b2dbc161f6ec361c973095c51218827f5e491b,SVM,SVM_grid,"{""C"": 1, ""gamma"": ""auto"", ""kernel"": ""linear""}",,,6,False,Q3+IQR/2,0.8005932517612161,0.021801497753074335
43,seed_43,C_physical_quantity,27ca6bd09e7cb3bd5f7eec2fd33521faae62261040e2913cdd814ecbe88dc452,841dd3f96c71e5aaaa3280e2e0b2dbc161f6ec361c973095c51218827f5e491b,SVM,SVM_grid,"{""C"": 10, ""gamma"": ""auto"", ""kernel"": ""rbf""}",,,7,False,Q3+IQR/2,0.7913978494623656,0.012165277955897622
43,seed_43,C_physical_quantity,27ca6bd09e7cb3bd5f7eec2fd33521faae62261040e2913cdd814ecbe88dc452,841dd3f96c71e5aaaa3280e2e0b2dbc161f6ec361c973095c51218827f5e491b,SVM,SVM_grid,"{""C"": 10, ""gamma"": ""auto"", ""kernel"": ""linear""}",,,2,False,Q3+IQR/2,0.8390350877192981,0.030695488082320494
43,seed_43,C_physical_quantity,27ca6bd09e7cb3bd5f7eec2fd33521faae62261040e2913cdd814ecbe88dc452,841dd3f96c71e5aaaa3280e2e0b2dbc161f6ec361c973095c51218827f5e491b,SVM,SVM_grid,"{""C"": 50, ""gamma"": ""auto"", ""kernel"": ""rbf""}",,,5,False,Q3+IQR/2,0.8175925925925925,0.041594587861511476
43,seed_43,C_physical_quantity,27ca6bd09e7cb3bd5f7eec2fd33521faae62261040e2913cdd814ecbe88dc452,841dd3f96c71e5aaaa3280e2e0b2dbc161f6ec361c973095c51218827f5e491b,SVM,SVM_grid,"{""C"": 50, ""gamma"": ""auto"", ""kernel"": ""linear""}",,,2,False,Q3+IQR/2,0.8390350877192981,0.030695488082320494
43,seed_43,C_physical_quantity,27ca6bd09e7cb3bd5f7eec2fd33521faae62261040e2913cdd814ecbe88dc452,841dd3f96c71e5aaaa3280e2e0b2dbc161f6ec361c973095c51218827f5e491b,SVM,SVM_grid,"{""C"": 100, ""gamma"": ""auto"", ""kernel"": ""rbf""}",,,2,False,Q3+IQR/2,0.8390350877192981,0.030695488082320494
43,seed_43,C_physical_quantity,27ca6bd09e7cb3bd5f7eec2fd33521faae62261040e2913cdd814ecbe88dc452,841dd3f96c71e5aaaa3280e2e0b2dbc161f6ec361c973095c51218827f5e491b,SVM,SVM_grid,"{""C"": 100, ""gamma"": ""auto"", ""kernel"": ""linear""}",,,1,True,Q3+IQR/2,0.8519383135257499,0.01636589009504021
